{
    "SaintDenisStation": {
      "x": 2719.50341796875,
      "y": -1436.4263916015626,
      "z": 46.197021484375,
      "heading": 212.0
    },
    "Valentine":{
      "x": -364.857025,
      "y": 923.206421,
      "z": 117.614296,
      "heading": 212.0
    },
    "BW":{
      "x": -1031.901611,
      "y": -1245.776611,
      "z": 63.106964,
      "heading": 212.0
    }
  }