{
    "SaintDenisStation": {
      "x": 2719.50341796875,
      "y": -1436.4263916015626,
      "z": 46.197021484375,
      "heading": 212.0
    }
  }